Workbook

Sheet Feuil1
B2: Category | C2: Component type | D2: Component name | E2: Unit price (€) | F2: Qty needed | G2: Purchase price (€) – per lot | H2: Purchase qty (per lot) | I2: Purchased by | J2: Total (€) | K2: No. of lots to buy | L2: Actual purchase cost (€)
B3: Sensor | C3: Camera | D3: Camera | E3: =IFERROR(G3/H3,0) -> 0 | F3: =[1]Général!D9 -> 1 | G3: =[1]Général!C9 -> 0 | H3: 1 | I3: Robotek | J3: =E3*F3 -> 0 | K3: 0 | L3: =K3*G3 -> 0
B4: Sensor | C4: Ultrasonic | D4: HC-SR04 | E4: =IFERROR(G4/H4,0) -> 0 | F4: =[1]Général!D10 -> 4 | G4: =[1]Général!C10 -> 0 | H4: 1 | I4: Robotek | J4: =E4*F4 -> 0 | K4: 0 | L4: =K4*G4 -> 0
B5: Sensor | C5: PCB | D5: Sensor PCB | E5: =IFERROR(G5/H5,0) -> 2.4 | F5: 5 | G5: 12 | H5: 5 | I5: Robotek | J5: =E5*F5 -> 12 | K5: 1 | L5: =K5*G5 -> 12
B6: Actuator | C6: Pump | D6: Pump | E6: =IFERROR(G6/H6,0) -> 8.29 | F6: =[1]Général!D6 -> 5 | G6: =[1]Général!C6 -> 8.29 | H6: 1 | I6: Polytech | J6: =E6*F6 -> 41.45 | K6: =ROUNDUP(F6/H6,0) -> 5 | L6: =K6*G6 -> 41.45
B7: Actuator | C7: Suction cup | D7: Silicone suction cup | E7: =IFERROR(G7/H7,0) -> 2.1225 | F7: =[1]Robotek!H5 -> 4 | G7: =[1]Robotek!G5 -> 8.49 | H7: 4 | I7: Robotek | J7: =E7*F7 -> 8.49 | K7: =[1]Robotek!I5 -> 4 | L7: =K7*G7 -> 33.96
B8: Actuator | C8: Tubing | D8: Suction cup tubing | E8: =IFERROR(G8/H8,0) -> 2.46 | F8: =[1]Robotek!H6 -> 1 | G8: =[1]Robotek!G6 -> 2.46 | H8: =[1]Robotek!E6 -> 1 | I8: Robotek | J8: =E8*F8 -> 2.46 | K8: =[1]Robotek!I6 -> 1 | L8: =K8*G8 -> 2.46
B9: Actuator | C9: Main board | D9: Raspberry Pi 4B (4 GB) | E9: =IFERROR(G9/H9,0) -> 90 | F9: =[1]Général!D4 -> 1 | G9: 90 | H9: 1 | I9: Robotek | J9: =E9*F9 -> 90 | K9: 0 | L9: =K9*G9 -> 0
B10: Actuator | C10: Servo motor | D10: MG996R | E10: =IFERROR(G10/H10,0) -> 0 | F10: =[1]Général!D11 -> 2 | G10: =[1]Général!C11 -> 0 | H10: 1 | I10: Robotek | J10: =E10*F10 -> 0 | K10: 0 | L10: =K10*G10 -> 0
B11: Actuator | C11: PCB | D11: Actuator PCB | E11: =IFERROR(G11/H11,0) -> 2.4 | F11: 2 | G11: 12 | H11: 5 | I11: Robotek | J11: =E11*F11 -> 4.8 | K11: 1 | L11: =K11*G11 -> 12
B12: Chassis (mechanical) | C12: Board | D12: Plywood / MDF | E12: =IFERROR(G12/H12,0) -> 8 | F12: 1 | G12: 8 | H12: 1 | I12: Robotek | J12: =E12*F12 -> 8 | K12: 0 | L12: =K12*G12 -> 0
B13: Chassis (mechanical) | C13: Threaded rod | D13: M6 | E13: =IFERROR(G13/H13,0) -> 3 | F13: 4 | G13: 3 | H13: 1 | I13: Robotek | J13: =E13*F13 -> 12 | K13: 0 | L13: =K13*G13 -> 0
B14: Chassis (mechanical) | C14: Nut | D14: M6 | E14: =IFERROR(G14/H14,0) -> 0.08 | F14: 4 | G14: 4 | H14: 50 | I14: Robotek | J14: =E14*F14 -> 0.32 | K14: 0 | L14: =K14*G14 -> 0
B15: Chassis (mechanical) | C15: Lock nut | D15: M6 | E15: =IFERROR(G15/H15,0) -> 0.2 | F15: 8 | G15: 5 | H15: 25 | I15: Robotek | J15: =E15*F15 -> 1.6 | K15: 1 | L15: =K15*G15 -> 5
B16: Chassis (drive) | C16: H-bridge | D16: L298N | E16: =IFERROR(G16/H16,0) -> 3.198 | F16: =[1]Général!D8 -> 4 | G16: 15.99 | H16: 5 | I16: Robotek | J16: =E16*F16 -> 12.792 | K16: 0 | L16: =K16*G16 -> 0
B17: Chassis (drive) | C17: Wheel | D17: Omnidirectional wheel | E17: =IFERROR(G17/H17,0) -> 4.2475 | F17: =[1]Robotek!H4 -> 4 | G17: =[1]Robotek!G4 -> 16.99 | H17: =[1]Robotek!E4 -> 4 | I17: Robotek | J17: =E17*F17 -> 16.99 | K17: 1 | L17: =K17*G17 -> 16.99
B18: Chassis (drive) | C18: Motor | D18: FIT0520 | E18: =IFERROR(G18/H18,0) -> 21.5 | F18: =[1]Robotek!H3 -> 4 | G18: 21.5 | H18: 1 | I18: Polytech | J18: =E18*F18 -> 86 | K18: =[1]Robotek!I3 -> 4 | L18: =K18*G18 -> 86
B19: Chassis (drive) | C19: Secondary board | D19: ESP32-WROOM | E19: =IFERROR(G19/H19,0) -> 0 | F19: =[1]Général!D5 -> 1 | G19: =[1]Général!C5 -> 0 | H19: 1 | I19: Robotek | J19: =E19*F19 -> 0 | K19: 0 | L19: =K19*G19 -> 0
B20: Consumable | C20: PLA | D20: PLA filament (g) | E20: =IFERROR(G20/H20,0) -> 0.02 | F20: 2000 | G20: 20 | H20: 1000 | I20: Robotek | J20: =E20*F20 -> 40 | K20: 0 | L20: =K20*G20 -> 0
B21: Consumable | C21: Electricity | D21: 3D printing (Wh) | E21: =IFERROR(G21/H21,0) -> 0.00025 | F21: 500 | G21: 0.25 | H21: 1000 | I21: Robotek | J21: =E21*F21 -> 0.125 | K21: 0 | L21: =K21*G21 -> 0
B22: Consumable | C22: Tin | D22: Solder (g) | E22: =IFERROR(G22/H22,0) -> 0.06 | F22: 500 | G22: 30 | H22: 500 | I22: Robotek | J22: =E22*F22 -> 30 | K22: 0 | L22: =K22*G22 -> 0
B23: Consumable | C23: Fasteners | D23: Assortment (pieces) | E23: =IFERROR(G23/H23,0) -> 0.04 | F23: 500 | G23: 20 | H23: 500 | I23: Robotek | J23: =E23*F23 -> 20 | K23: 0 | L23: =K23*G23 -> 0
B24: Other | C24: Battery | D24: LiPo 3S 11.1 V 4200 mAh | E24: =IFERROR(G24/H24,0) -> 34.995 | F24: =[1]Général!D12 -> 1 | G24: 69.99 | H24: 2 | I24: Robotek | J24: =E24*F24 -> 34.995 | K24: 0 | L24: =K24*G24 -> 0
B25: Human | C25: Team member | D25: Maxime Fabre | E25: =[1]Dépenses!$D$34 -> 12.31 | F25: =12*8 -> 96 | I25: — | J25: =E25*F25 -> 1181.76 | K25: 0
B26: Human | C26: Team member | D26: Ryan Guedoir | E26: =[1]Dépenses!$D$34 -> 12.31 | F26: =12*8 -> 96 | I26: — | J26: =E26*F26 -> 1181.76 | K26: 0
B27: Human | C27: Team member | D27: Thibaut Martin | E27: =[1]Dépenses!$D$34 -> 12.31 | F27: =12*8 -> 96 | I27: — | J27: =E27*F27 -> 1181.76 | K27: 0
B28: Human | C28: Team member | D28: Mickael Borges | E28: =[1]Dépenses!$D$34 -> 12.31 | F28: =12*8 -> 96 | I28: — | J28: =E28*F28 -> 1181.76 | K28: 0
B29: TOTAL (purchases + labor) | J29: =SUM(J3:J28) -> 5149.062 | L29: =SUM(L3:L28) -> 209.86
B30: TOTAL Polytech | J30: =SUMIF($I$3:$I$28,"Polytech",J$3:J$28) -> 127.45 | L30: =SUMIF($I$3:$I$28,"Polytech",L$3:L$28) -> 127.45
B31: TOTAL Robotek | J31: =SUMIF($I$3:$I$28,"Robotek",J$3:J$28) -> 294.572 | L31: =SUMIF($I$3:$I$28,"Robotek",L$3:L$28) -> 82.41
B32: Labor (team, at French minimum wage / SMIC) | J32: =SUMIF($B$3:$B$28,"Human",J$3:J$28) -> 4727.04
